Cobra Kai,Lupin,12 Monkeys,Sherlock,,,,,,,,,,,,
Lost,Jack Ryan,The Flash,Game of thrones,House of Cards,12 Monkeys,Vikings,Fringe,The Mentalist,The Alienist,Big Little Lies,Chernobyl,,,,
Sex Education,Dr. House,Kingdom,The Walking Dead,,,,,,,,,,,,
Ozark,Sex Education,Constantine,Preacher,Vikings,The Tick,,,,,,,,,,
Naruto,,,,,,,,,,,,,,,
Sex Education,,,,,,,,,,,,,,,
Locke & Key,,,,,,,,,,,,,,,
Lupin,,,,,,,,,,,,,,,
Fringe,Shooter,How to get away with murder,,,,,,,,,,,,,
Queen of the South,Better Call Saul,Peaky Blinders,,,,,,,,,,,,,
Sex Education,,,,,,,,,,,,,,,
Atypical,Stranger Things,Homeland,Brooklyn Nine Nine,,,,,,,,,,,,
Daredevil,Atypical,The Walking Dead,The Witcher,,,,,,,,,,,,
One Piece,Queen of the South,,,,,,,,,,,,,,
Demon Slayer,Atypical,Stranger Things,Absentia,The Alienist,Chernobyl,,,,,,,,,,
Queen of the South,The Blacklist,Succession,Sex Education,Berlin Station,Atypical,Two and a half men,Kingdom,Orphan Black,Shooter,Stranger Things,The Mentalist,Absentia,Banshee,Designated Survivor,
Daredevil,Lost,The Boys,Family Guy,The man in the high castle,Dr. House,Only Murders in the building,Ragnarok,Chernobyl,How I met your mother,,,,,,
Sex Education,Two and a half men,Only Murders in the building,Perception,Lucifer,,,,,,,,,,,
Preacher,Only Murders in the building,Absentia,Spartacus,Big Little Lies,Dark,,,,,,,,,,
Lost,Gotham,,,,,,,,,,,,,,
Spartacus,Perception,,,,,,,,,,,,,,
Absentia,,,,,,,,,,,,,,,
Into the night,Demon Slayer,Ozark,Constantine,Kingdom,Outer Banks,,,,,,,,,,
Hanna,Demon Slayer,Ozark,Sex Education,Berlin Station,The Walking Dead,Outer Banks,Banshee,,,,,,,,
Daredevil,The Boys,Alice in Borderland,Preacher,The Outsider,How to get away with murder,Spartacus,The Alienist,Chernobyl,,,,,,,
12 Monkeys,Dark,How I met your mother,,,,,,,,,,,,,
Doctor Who,,,,,,,,,,,,,,,
Doctor Who,Mare of Easttown,,,,,,,,,,,,,,
Sex Education,Outer Banks,Brooklyn Nine Nine,How I met your mother,,,,,,,,,,,,
Arrow,Into the night,Queen of the South,Ozark,Sex Education,Peaky Blinders,,,,,,,,,,
The Flash,The Wire,Kingdom,,,,,,,,,,,,,
The Blacklist,Ozark,You,,,,,,,,,,,,,
Absentia,,,,,,,,,,,,,,,
Cobra Kai,Succession,Sex Education,Jack Ryan,Atypical,Two and a half men,House of Cards,Sopranos,Nine Perfect Strangers,Absentia,,,,,,
Outer Banks,,,,,,,,,,,,,,,
Demon Slayer,Berlin Station,Two and a half men,Shadow and Bone,,,,,,,,,,,,
Family Guy,,,,,,,,,,,,,,,
Arrow,Ozark,Sex Education,Deception,,,,,,,,,,,,
Upload,The Walking Dead,Lupin,X-Files,Archer,,,,,,,,,,,
The Outsider,Outer Banks,,,,,,,,,,,,,,
Daredevil,Jack Ryan,Outer Banks,,,,,,,,,,,,,
One Piece,Sex Education,Berlin Station,Dr. House,12 Monkeys,Sherlock,How I met your mother,,,,,,,,,
Mirzapur,,,,,,,,,,,,,,,
The Blacklist,Rick And Morty,Family Guy,,,,,,,,,,,,,
Kingdom,Rome,,,,,,,,,,,,,,
The Walking Dead,Designated Survivor,Goliath,,,,,,,,,,,,,
Cobra Kai,Ozark,Sex Education,Jack Ryan,Atypical,Family Guy,Preacher,The Walking Dead,X-Files,Only Murders in the building,Archer,Banshee,Perception,Bojack Horseman,Chernobyl,How I met your mother
Ozark,Two and a half men,,,,,,,,,,,,,,
Succession,Ozark,,,,,,,,,,,,,,
The Stranger,Lost,Cobra Kai,The Blacklist,Mr. Robot,Ozark,Berlin Station,House of Cards,Only Murders in the building,Perception,,,,,,
The Stranger,Queen of the South,Demon Slayer,Rick And Morty,Ozark,Sex Education,Family Guy,The Originals,Doctor Who,Dr. House,How to get away with murder,,,,,
The Blacklist,Demon Slayer,Ozark,Outer Banks,Dark,The Newsroom,,,,,,,,,,
Perception,Big Little Lies,Chernobyl,,,,,,,,,,,,,
Alice in Borderland,The Walking Dead,How I met your mother,,,,,,,,,,,,,
Cobra Kai,Succession,Emily in Paris,12 Monkeys,Dark,Chernobyl,,,,,,,,,,
Demon Slayer,,,,,,,,,,,,,,,
The Walking Dead,Vikings,Dark,Banshee,Lucifer,,,,,,,,,,,
Mare of Easttown,,,,,,,,,,,,,,,
Lost,Ozark,Deception,Doctor Who,The Witcher,The Mentalist,,,,,,,,,,
Sex Education,Haven,,,,,,,,,,,,,,
Jack Ryan,Family Guy,Sherlock,Archer,Banshee,,,,,,,,,,,
The Blacklist,The Night Manager,,,,,,,,,,,,,,
Supernatural,,,,,,,,,,,,,,,
Sex Education,Constantine,Atypical,Family Guy,Dr Stone,The White Lotus,,,,,,,,,,
Better Call Saul,Sex Education,The Walking Dead,Stranger Things,Outer Banks,Mare of Easttown,The Alienist,Brooklyn Nine Nine,Big Little Lies,Peaky Blinders,Lucifer,,,,,
White Collar,Outer Banks,Hunters,Chernobyl,,,,,,,,,,,,
Queen of the South,Designated Survivor,,,,,,,,,,,,,,
Cobra Kai,Ozark,Deception,Vikings,,,,,,,,,,,,
Mr. Robot,White Collar,Outer Banks,,,,,,,,,,,,,
Breaking Bad,The Wire,Vikings,The Witcher,Outer Banks,The Mentalist,The Night Manager,Lucifer,,,,,,,,
Ozark,,,,,,,,,,,,,,,
Absentia,,,,,,,,,,,,,,,
Dark,,,,,,,,,,,,,,,
Hanna,The Wire,The Blacklist,Sex Education,The Outsider,How to get away with murder,Perception,,,,,,,,,
Hanna,The Stranger,Kingdom,Only Murders in the building,,,,,,,,,,,,
Stranger Things,Outer Banks,,,,,,,,,,,,,,
Lucifer,,,,,,,,,,,,,,,
Shooter,Rome,How I met your mother,Supernatural,,,,,,,,,,,,
Mr. Robot,Ozark,Atypical,Preacher,Two and a half men,,,,,,,,,,,
Sex Education,Dr. House,Two and a half men,The Mentalist,,,,,,,,,,,,
Outer Banks,,,,,,,,,,,,,,,
The Blacklist,Atypical,Archer,How I met your mother,,,,,,,,,,,,
Outer Banks,,,,,,,,,,,,,,,
Archer,Mare of Easttown,Dark,,,,,,,,,,,,,
Berlin Station,Alice in Borderland,Mare of Easttown,The Mentalist,,,,,,,,,,,,
Daredevil,The Stranger,Demon Slayer,The Boys,Rick And Morty,Mr. Robot,Succession,Ozark,Sex Education,Berlin Station,Family Guy,The Outsider,Two and a half men,12 Monkeys,Sopranos,Sherlock
Absentia,Lucifer,,,,,,,,,,,,,,
Arrow,Sex Education,Berlin Station,Jack Ryan,Constantine,Travellers,Atypical,Grey's Anatomy,Kingdom,The Walking Dead,The Mentalist,Shadow and Bone,Lucifer,,,
Absentia,,,,,,,,,,,,,,,
Inhumans,The Blacklist,Demon Slayer,The Boys,Sex Education,Jack Ryan,Family Guy,Deception,Punisher,,,,,,,
Daredevil,The Stranger,Cobra Kai,Demon Slayer,Atypical,Prison Break,Deception,Dr. House,Two and a half men,The Walking Dead,Banshee,Spartacus,How I met your mother,,,
Mr. Robot,Ozark,Travellers,Two and a half men,The Innocent,,,,,,,,,,,
Sex Education,Berlin Station,Kingdom,The Walking Dead,Mindhunter,Outer Banks,How I met your mother,,,,,,,,,
Mr. Robot,12 Monkeys,Stranger Things,Outer Banks,,,,,,,,,,,,
The Office,Chernobyl,,,,,,,,,,,,,,
Outer Banks,,,,,,,,,,,,,,,
Atypical,Two and a half men,The Alienist,,,,,,,,,,,,,
Travellers,Two and a half men,,,,,,,,,,,,,,
Two and a half men,The Wire,Hunters,Lucifer,,,,,,,,,,,,
Daredevil,Sex Education,Family Guy,House of Cards,The Umbrella Academy,The Mentalist,,,,,,,,,,